<?xml version="1.0" encoding="UTF-8"?>
<document type="com.apple.InterfaceBuilder3.CocoaTouch.Storyboard.XIB" version="3.0" toolsVersion="14269.14" targetRuntime="iOS.CocoaTouch" propertyAccessControl="none" useAutolayout="YES" useTraitCollections="YES" colorMatched="YES" initialViewController="apS-96-ij5">
    <device id="retina4_7" orientation="portrait">
        <adaptation id="fullscreen"/>
    </device>
    <dependencies>
        <plugIn identifier="com.apple.InterfaceBuilder.IBCocoaTouchPlugin" version="14252.5"/>
        <capability name="documents saved in the Xcode 8 format" minToolsVersion="8.0"/>
    </dependencies>
    <scenes>
        <!--BANGLA GRAMMER-->
        <scene sceneID="tne-QT-ifu">
            <objects>
                <viewController id="BYZ-38-t0r" customClass="ViewController" customModule="BanglaGrammer" customModuleProvider="target" sceneMemberID="viewController">
                    <layoutGuides>
                        <viewControllerLayoutGuide type="top" id="y3c-jy-aDJ"/>
                        <viewControllerLayoutGuide type="bottom" id="wfy-db-euE"/>
                    </layoutGuides>
                    <view key="view" contentMode="scaleToFill" id="8bC-Xf-vdC">
                        <rect key="frame" x="0.0" y="0.0" width="375" height="667"/>
                        <autoresizingMask key="autoresizingMask" widthSizable="YES" heightSizable="YES"/>
                        <subviews>
                            <imageView userInteractionEnabled="NO" contentMode="scaleToFill" horizontalHuggingPriority="251" verticalHuggingPriority="251" image="bengali-grammar" translatesAutoresizingMaskIntoConstraints="NO" id="T19-A9-sgI">
                                <rect key="frame" x="16" y="167" width="343" height="182"/>
                                <color key="backgroundColor" red="0.13543539590000001" green="0.32202194779999999" blue="0.30226475619999998" alpha="1" colorSpace="custom" customColorSpace="sRGB"/>
                            </imageView>
                            <button opaque="NO" alpha="0.94999999999999996" contentMode="scaleToFill" misplaced="YES" contentHorizontalAlignment="center" contentVerticalAlignment="center" buttonType="roundedRect" lineBreakMode="middleTruncation" translatesAutoresizingMaskIntoConstraints="NO" id="luQ-Va-8DO">
                                <rect key="frame" x="100" y="406" width="175" height="89"/>
                                <color key="backgroundColor" red="0.19428246153929413" green="0.49886157416315352" blue="0.59336959362030028" alpha="1" colorSpace="custom" customColorSpace="sRGB"/>
                                <fontDescription key="fontDescription" type="system" pointSize="37"/>
                                <size key="titleShadowOffset" width="4" height="4"/>
                                <state key="normal" title="Start Quiz">
                                    <color key="titleColor" red="1" green="1" blue="1" alpha="1" colorSpace="calibratedRGB"/>
                                    <color key="titleShadowColor" red="0.098039217289999994" green="0.098039217289999994" blue="0.098039217289999994" alpha="1" colorSpace="calibratedRGB"/>
                                </state>
                                <connections>
                                    <segue destination="UqP-gl-Bfu" kind="show" id="BcM-u3-mqS"/>
                                </connections>
                            </button>
                        </subviews>
                        <color key="backgroundColor" red="0.19720496173319679" green="0.50636571548229947" blue="0.60229537487030027" alpha="1" colorSpace="custom" customColorSpace="sRGB"/>
                        <constraints>
                            <constraint firstItem="T19-A9-sgI" firstAttribute="leading" secondItem="8bC-Xf-vdC" secondAttribute="leadingMargin" id="20W-bJ-jQK"/>
                            <constraint firstItem="luQ-Va-8DO" firstAttribute="leading" secondItem="8bC-Xf-vdC" secondAttribute="leadingMargin" constant="84" id="2DC-1R-3UW"/>
                            <constraint firstAttribute="trailingMargin" secondItem="luQ-Va-8DO" secondAttribute="trailing" constant="84" id="39I-iv-BBR"/>
                            <constraint firstItem="wfy-db-euE" firstAttribute="top" secondItem="T19-A9-sgI" secondAttribute="bottom" constant="318" id="RsE-sC-P8i"/>
                            <constraint firstItem="luQ-Va-8DO" firstAttribute="top" secondItem="T19-A9-sgI" secondAttribute="bottom" constant="57" id="e2T-xZ-5ee"/>
                            <constraint firstItem="T19-A9-sgI" firstAttribute="top" secondItem="y3c-jy-aDJ" secondAttribute="bottom" constant="103" id="g7R-8e-VwE"/>
                            <constraint firstItem="T19-A9-sgI" firstAttribute="trailing" secondItem="8bC-Xf-vdC" secondAttribute="trailingMargin" id="k9b-l7-IQ4"/>
                        </constraints>
                    </view>
                    <navigationItem key="navigationItem" title="BANGLA GRAMMER" id="9Mq-DC-ty8">
                        <barButtonItem key="leftBarButtonItem" systemItem="bookmarks" id="TA0-H2-Uew"/>
                    </navigationItem>
                </viewController>
                <placeholder placeholderIdentifier="IBFirstResponder" id="dkx-z0-nzr" sceneMemberID="firstResponder"/>
            </objects>
            <point key="canvasLocation" x="1076" y="138.98050974512745"/>
        </scene>
        <!--Quiz Start-->
        <scene sceneID="irv-3U-Cge">
            <objects>
                <viewController id="qNE-xj-m7Q" customClass="QuizStart" customModule="BanglaGrammer" customModuleProvider="target" sceneMemberID="viewController">
                    <layoutGuides>
                        <viewControllerLayoutGuide type="top" id="sQA-P5-I6f"/>
                        <viewControllerLayoutGuide type="bottom" id="r4G-ir-FPb"/>
                    </layoutGuides>
                    <view key="view" contentMode="scaleToFill" id="XUP-ZY-IUw">
                        <rect key="frame" x="0.0" y="0.0" width="375" height="667"/>
                        <autoresizingMask key="autoresizingMask" widthSizable="YES" heightSizable="YES"/>
                        <subviews>
                            <tableViewCell clipsSubviews="YES" contentMode="scaleToFill" fixedFrame="YES" selectionStyle="default" indentationWidth="10" translatesAutoresizingMaskIntoConstraints="NO" id="Dsn-pg-GK8">
                                <rect key="frame" x="16" y="72" width="343" height="44"/>
                                <autoresizingMask key="autoresizingMask"/>
                                <tableViewCellContentView key="contentView" opaque="NO" clipsSubviews="YES" multipleTouchEnabled="YES" contentMode="center" tableViewCell="Dsn-pg-GK8" id="IvV-s5-oyp">
                                    <rect key="frame" x="0.0" y="0.0" width="343" height="43.5"/>
                                    <autoresizingMask key="autoresizingMask"/>
                                </tableViewCellContentView>
                            </tableViewCell>
                            <label opaque="NO" userInteractionEnabled="NO" contentMode="left" horizontalHuggingPriority="251" verticalHuggingPriority="251" misplaced="YES" text="Label" textAlignment="center" lineBreakMode="tailTruncation" baselineAdjustment="alignBaselines" adjustsFontSizeToFit="NO" translatesAutoresizingMaskIntoConstraints="NO" id="Z8k-Oy-dVt">
                                <rect key="frame" x="3" y="72" width="369" height="64"/>
                                <color key="backgroundColor" red="1" green="0.0" blue="0.0" alpha="1" colorSpace="calibratedRGB"/>
                                <fontDescription key="fontDescription" type="system" pointSize="27"/>
                                <color key="textColor" red="1" green="1" blue="1" alpha="1" colorSpace="calibratedRGB"/>
                                <nil key="highlightedColor"/>
                            </label>
                            <label opaque="NO" userInteractionEnabled="NO" contentMode="left" horizontalHuggingPriority="251" verticalHuggingPriority="251" fixedFrame="YES" text="Questions" textAlignment="center" lineBreakMode="tailTruncation" numberOfLines="3" baselineAdjustment="alignBaselines" adjustsFontSizeToFit="NO" translatesAutoresizingMaskIntoConstraints="NO" id="Viz-OQ-SYM">
                                <rect key="frame" x="30" y="181" width="314" height="67"/>
                                <autoresizingMask key="autoresizingMask" flexibleMaxX="YES" flexibleMaxY="YES"/>
                                <color key="backgroundColor" white="0.66666666666666663" alpha="1" colorSpace="calibratedWhite"/>
                                <fontDescription key="fontDescription" type="system" pointSize="27"/>
                                <nil key="textColor"/>
                                <nil key="highlightedColor"/>
                            </label>
                            <button opaque="NO" tag="1" contentMode="scaleToFill" fixedFrame="YES" contentHorizontalAlignment="center" contentVerticalAlignment="center" buttonType="roundedRect" lineBreakMode="middleTruncation" translatesAutoresizingMaskIntoConstraints="NO" id="vPf-de-DPN">
                                <rect key="frame" x="56" y="304" width="262" height="58"/>
                                <autoresizingMask key="autoresizingMask" flexibleMaxX="YES" flexibleMaxY="YES"/>
                                <color key="backgroundColor" red="1" green="0.0" blue="0.0" alpha="1" colorSpace="calibratedRGB"/>
                                <fontDescription key="fontDescription" type="system" pointSize="24"/>
                                <state key="normal" title="Button A">
                                    <color key="titleColor" red="1" green="1" blue="1" alpha="1" colorSpace="calibratedRGB"/>
                                </state>
                                <connections>
                                    <action selector="action:" destination="qNE-xj-m7Q" eventType="touchUpInside" id="aTV-26-WVd"/>
                                </connections>
                            </button>
                            <button opaque="NO" tag="2" contentMode="scaleToFill" fixedFrame="YES" contentHorizontalAlignment="center" contentVerticalAlignment="center" buttonType="roundedRect" lineBreakMode="middleTruncation" translatesAutoresizingMaskIntoConstraints="NO" id="r0g-ef-Vcu">
                                <rect key="frame" x="56" y="385" width="262" height="58"/>
                                <autoresizingMask key="autoresizingMask" flexibleMaxX="YES" flexibleMaxY="YES"/>
                                <color key="backgroundColor" red="1" green="0.0" blue="0.0" alpha="1" colorSpace="calibratedRGB"/>
                                <fontDescription key="fontDescription" type="system" pointSize="24"/>
                                <state key="normal" title="Button B">
                                    <color key="titleColor" red="1" green="1" blue="1" alpha="1" colorSpace="calibratedRGB"/>
                                </state>
                                <connections>
                                    <action selector="action:" destination="qNE-xj-m7Q" eventType="touchUpInside" id="bx6-z1-Y0a"/>
                                </connections>
                            </button>
                            <button opaque="NO" tag="3" contentMode="scaleToFill" fixedFrame="YES" contentHorizontalAlignment="center" contentVerticalAlignment="center" buttonType="roundedRect" lineBreakMode="middleTruncation" translatesAutoresizingMaskIntoConstraints="NO" id="2iJ-jr-Lom">
                                <rect key="frame" x="56" y="468" width="262" height="58"/>
                                <autoresizingMask key="autoresizingMask" flexibleMaxX="YES" flexibleMaxY="YES"/>
                                <color key="backgroundColor" red="1" green="0.0" blue="0.0" alpha="1" colorSpace="calibratedRGB"/>
                                <fontDescription key="fontDescription" type="system" pointSize="24"/>
                                <state key="normal" title="Button C">
                                    <color key="titleColor" red="1" green="1" blue="1" alpha="1" colorSpace="calibratedRGB"/>
                                </state>
                                <connections>
                                    <action selector="action:" destination="qNE-xj-m7Q" eventType="touchUpInside" id="w9H-im-nL7"/>
                                </connections>
                            </button>
                            <button opaque="NO" tag="4" contentMode="scaleToFill" fixedFrame="YES" contentHorizontalAlignment="center" contentVerticalAlignment="center" buttonType="roundedRect" lineBreakMode="middleTruncation" translatesAutoresizingMaskIntoConstraints="NO" id="H5D-uP-jB7">
                                <rect key="frame" x="56" y="544" width="262" height="58"/>
                                <autoresizingMask key="autoresizingMask" flexibleMaxX="YES" flexibleMaxY="YES"/>
                                <color key="backgroundColor" red="1" green="0.0" blue="0.0" alpha="1" colorSpace="calibratedRGB"/>
                                <fontDescription key="fontDescription" type="system" pointSize="24"/>
                                <state key="normal" title="Button D">
                                    <color key="titleColor" red="1" green="1" blue="1" alpha="1" colorSpace="calibratedRGB"/>
                                </state>
                                <connections>
                                    <action selector="action:" destination="qNE-xj-m7Q" eventType="touchUpInside" id="Trt-hk-8xU"/>
                                </connections>
                            </button>
                        </subviews>
                        <color key="backgroundColor" red="0.0" green="0.50196081400000003" blue="0.50196081400000003" alpha="1" colorSpace="calibratedRGB"/>
                        <constraints>
                            <constraint firstAttribute="trailing" secondItem="Z8k-Oy-dVt" secondAttribute="trailing" constant="3" id="0Sr-0b-rJP"/>
                            <constraint firstAttribute="trailing" secondItem="Z8k-Oy-dVt" secondAttribute="trailing" constant="3" id="AoR-IF-wbb"/>
                            <constraint firstItem="Z8k-Oy-dVt" firstAttribute="leading" secondItem="XUP-ZY-IUw" secondAttribute="leading" constant="3" id="Dkl-hQ-cag"/>
                            <constraint firstItem="Z8k-Oy-dVt" firstAttribute="top" secondItem="XUP-ZY-IUw" secondAttribute="top" constant="72" id="Id2-rh-C4J"/>
                            <constraint firstItem="Z8k-Oy-dVt" firstAttribute="leading" secondItem="XUP-ZY-IUw" secondAttribute="leading" constant="3" id="L4P-eV-m4Y"/>
                            <constraint firstItem="Z8k-Oy-dVt" firstAttribute="top" secondItem="sQA-P5-I6f" secondAttribute="bottom" constant="8" id="UKC-9q-NOn"/>
                        </constraints>
                    </view>
                    <navigationItem key="navigationItem" id="pHL-K1-qlB"/>
                    <connections>
                        <outlet property="lbl" destination="Viz-OQ-SYM" id="2eD-cB-aGU"/>
                        <outlet property="output" destination="Z8k-Oy-dVt" id="PLu-7R-ZMu"/>
                    </connections>
                </viewController>
                <placeholder placeholderIdentifier="IBFirstResponder" id="DZT-er-wnq" userLabel="First Responder" sceneMemberID="firstResponder"/>
            </objects>
            <point key="canvasLocation" x="3333.5999999999999" y="150.67466266866569"/>
        </scene>
        <!--Table View-->
        <scene sceneID="Syg-i2-Wkz">
            <objects>
                <tableViewController id="UqP-gl-Bfu" customClass="TableView" customModule="BanglaGrammer" customModuleProvider="target" sceneMemberID="viewController">
                    <tableView key="view" clipsSubviews="YES" contentMode="center" alwaysBounceVertical="YES" indicatorStyle="black" dataMode="prototypes" style="plain" separatorStyle="default" rowHeight="44" sectionHeaderHeight="28" sectionFooterHeight="28" id="RWC-B7-YJX">
                        <rect key="frame" x="0.0" y="0.0" width="375" height="667"/>
                        <autoresizingMask key="autoresizingMask" widthSizable="YES" heightSizable="YES"/>
                        <color key="backgroundColor" red="0.0" green="0.47843137250000001" blue="1" alpha="1" colorSpace="custom" customColorSpace="sRGB"/>
                        <prototypes>
                            <tableViewCell clipsSubviews="YES" contentMode="scaleToFill" selectionStyle="default" indentationWidth="10" reuseIdentifier="cell" id="XCf-io-Nze">
                                <rect key="frame" x="0.0" y="28" width="375" height="44"/>
                                <autoresizingMask key="autoresizingMask"/>
                                <tableViewCellContentView key="contentView" opaque="NO" clipsSubviews="YES" multipleTouchEnabled="YES" contentMode="center" tableViewCell="XCf-io-Nze" id="uzg-WX-JsF">
                                    <rect key="frame" x="0.0" y="0.0" width="375" height="43.5"/>
                                    <autoresizingMask key="autoresizingMask"/>
                                </tableViewCellContentView>
                            </tableViewCell>
                        </prototypes>
                        <connections>
                            <outlet property="dataSource" destination="UqP-gl-Bfu" id="Czy-8f-HuJ"/>
                            <outlet property="delegate" destination="UqP-gl-Bfu" id="HbF-g5-NgO"/>
                        </connections>
                    </tableView>
                    <connections>
                        <segue destination="qNE-xj-m7Q" kind="show" identifier="quizPage" id="hwW-20-0M7"/>
                    </connections>
                </tableViewController>
                <placeholder placeholderIdentifier="IBFirstResponder" id="Nli-dA-0so" userLabel="First Responder" sceneMemberID="firstResponder"/>
            </objects>
            <point key="canvasLocation" x="2593" y="139"/>
        </scene>
        <!--Navigation Controller-->
        <scene sceneID="sOc-vU-FGG">
            <objects>
                <navigationController automaticallyAdjustsScrollViewInsets="NO" id="apS-96-ij5" sceneMemberID="viewController">
                    <toolbarItems/>
                    <navigationBar key="navigationBar" contentMode="scaleToFill" id="eIT-dg-yYa">
                        <rect key="frame" x="0.0" y="20" width="375" height="44"/>
                        <autoresizingMask key="autoresizingMask"/>
                    </navigationBar>
                    <nil name="viewControllers"/>
                    <connections>
                        <segue destination="BYZ-38-t0r" kind="relationship" relationship="rootViewController" id="eik-Ov-T3U"/>
                    </connections>
                </navigationController>
                <placeholder placeholderIdentifier="IBFirstResponder" id="Prj-Sj-zHH" userLabel="First Responder" sceneMemberID="firstResponder"/>
            </objects>
            <point key="canvasLocation" x="103" y="137"/>
        </scene>
        <!--Navigation Controller-->
        <scene sceneID="UDc-5x-6CF">
            <objects>
                <navigationController automaticallyAdjustsScrollViewInsets="NO" id="KIM-sf-QHN" sceneMemberID="viewController">
                    <toolbarItems/>
                    <navigationBar key="navigationBar" contentMode="scaleToFill" id="vQR-fV-LI3">
                        <rect key="frame" x="0.0" y="20" width="375" height="44"/>
                        <autoresizingMask key="autoresizingMask"/>
                    </navigationBar>
                    <nil name="viewControllers"/>
                </navigationController>
                <placeholder placeholderIdentifier="IBFirstResponder" id="out-TU-aLx" userLabel="First Responder" sceneMemberID="firstResponder"/>
            </objects>
            <point key="canvasLocation" x="1757.5999999999999" y="137.18140929535232"/>
        </scene>
    </scenes>
    <resources>
        <image name="bengali-grammar" width="850" height="500"/>
    </resources>
</document>
