<?xml version="1.0" encoding="UTF-8"?>
<document type="com.apple.InterfaceBuilder3.CocoaTouch.Storyboard.XIB" version="3.0" toolsVersion="14269.14" targetRuntime="iOS.CocoaTouch" propertyAccessControl="none" useAutolayout="YES" useTraitCollections="YES" useSafeAreas="YES" colorMatched="YES" initialViewController="BYZ-38-t0r">
    <device id="retina4_7" orientation="portrait">
        <adaptation id="fullscreen"/>
    </device>
    <dependencies>
        <plugIn identifier="com.apple.InterfaceBuilder.IBCocoaTouchPlugin" version="14252.5"/>
        <capability name="Safe area layout guides" minToolsVersion="9.0"/>
        <capability name="documents saved in the Xcode 8 format" minToolsVersion="8.0"/>
    </dependencies>
    <scenes>
        <!--View Controller-->
        <scene sceneID="tne-QT-ifu">
            <objects>
                <viewController id="BYZ-38-t0r" customClass="ViewController" customModule="dataproject" customModuleProvider="target" sceneMemberID="viewController">
                    <view key="view" contentMode="scaleToFill" id="8bC-Xf-vdC">
                        <rect key="frame" x="0.0" y="0.0" width="375" height="667"/>
                        <autoresizingMask key="autoresizingMask" widthSizable="YES" heightSizable="YES"/>
                        <subviews>
                            <textField opaque="NO" contentMode="scaleToFill" fixedFrame="YES" contentHorizontalAlignment="left" contentVerticalAlignment="center" borderStyle="roundedRect" textAlignment="natural" minimumFontSize="17" translatesAutoresizingMaskIntoConstraints="NO" id="70t-IU-fbx">
                                <rect key="frame" x="143" y="38" width="123" height="30"/>
                                <autoresizingMask key="autoresizingMask" flexibleMaxX="YES" flexibleMaxY="YES"/>
                                <nil key="textColor"/>
                                <fontDescription key="fontDescription" type="system" pointSize="14"/>
                                <textInputTraits key="textInputTraits"/>
                            </textField>
                            <button opaque="NO" contentMode="scaleToFill" fixedFrame="YES" contentHorizontalAlignment="center" contentVerticalAlignment="center" buttonType="roundedRect" lineBreakMode="middleTruncation" translatesAutoresizingMaskIntoConstraints="NO" id="kd9-zJ-ylG">
                                <rect key="frame" x="147" y="304" width="80" height="30"/>
                                <autoresizingMask key="autoresizingMask" flexibleMaxX="YES" flexibleMaxY="YES"/>
                                <color key="backgroundColor" red="1" green="0.044448124097537733" blue="0.047092315934983309" alpha="1" colorSpace="custom" customColorSpace="sRGB"/>
                                <state key="normal" title="Button">
                                    <color key="titleColor" white="1" alpha="1" colorSpace="custom" customColorSpace="genericGamma22GrayColorSpace"/>
                                </state>
                            </button>
                        </subviews>
                        <color key="backgroundColor" red="0.089707057242792154" green="0.86192229918574537" blue="1" alpha="1" colorSpace="custom" customColorSpace="sRGB"/>
                        <viewLayoutGuide key="safeArea" id="6Tk-OE-BBY"/>
                    </view>
                    <connections>
                        <segue destination="dKw-ry-RUo" kind="show" identifier="second" id="0hP-my-xdg"/>
                    </connections>
                </viewController>
                <placeholder placeholderIdentifier="IBFirstResponder" id="dkx-z0-nzr" sceneMemberID="firstResponder"/>
            </objects>
            <point key="canvasLocation" x="-338" y="159"/>
        </scene>
        <!--Tab Bar Controller-->
        <scene sceneID="qqC-M0-z8q">
            <objects>
                <viewController id="dKw-ry-RUo" customClass="UITabBarController" sceneMemberID="viewController">
                    <view key="view" contentMode="scaleToFill" id="ALU-XS-xjR">
                        <rect key="frame" x="0.0" y="0.0" width="375" height="667"/>
                        <autoresizingMask key="autoresizingMask" widthSizable="YES" heightSizable="YES"/>
                        <subviews>
                            <label opaque="NO" userInteractionEnabled="NO" contentMode="left" horizontalHuggingPriority="251" verticalHuggingPriority="251" fixedFrame="YES" text="Label" textAlignment="natural" lineBreakMode="tailTruncation" baselineAdjustment="alignBaselines" adjustsFontSizeToFit="NO" translatesAutoresizingMaskIntoConstraints="NO" id="BND-lb-XP1">
                                <rect key="frame" x="117" y="189" width="108" height="21"/>
                                <autoresizingMask key="autoresizingMask" flexibleMaxX="YES" flexibleMaxY="YES"/>
                                <color key="backgroundColor" red="1" green="0.33535777350000001" blue="0.25577145379999999" alpha="1" colorSpace="custom" customColorSpace="sRGB"/>
                                <fontDescription key="fontDescription" type="system" pointSize="17"/>
                                <nil key="highlightedColor"/>
                            </label>
                            <button opaque="NO" contentMode="scaleToFill" fixedFrame="YES" contentHorizontalAlignment="center" contentVerticalAlignment="center" buttonType="roundedRect" lineBreakMode="middleTruncation" translatesAutoresizingMaskIntoConstraints="NO" id="TI2-df-2XN">
                                <rect key="frame" x="144" y="367" width="46" height="30"/>
                                <autoresizingMask key="autoresizingMask" flexibleMaxX="YES" flexibleMaxY="YES"/>
                                <color key="backgroundColor" red="0.20523159499999999" green="1" blue="0.1565432017" alpha="1" colorSpace="custom" customColorSpace="sRGB"/>
                                <state key="normal" title="Button">
                                    <color key="titleColor" red="0.60455137851968921" green="0.0032383800212872219" blue="0.55440266918485115" alpha="1" colorSpace="custom" customColorSpace="sRGB"/>
                                </state>
                                <connections>
                                    <segue destination="BYZ-38-t0r" kind="show" identifier="second" id="2Eu-8v-nDW"/>
                                </connections>
                            </button>
                        </subviews>
                        <color key="backgroundColor" red="0.77343125215926045" green="0.41367827042428318" blue="1" alpha="1" colorSpace="custom" customColorSpace="sRGB"/>
                        <viewLayoutGuide key="safeArea" id="NWt-5c-Y2m"/>
                    </view>
                </viewController>
                <placeholder placeholderIdentifier="IBFirstResponder" id="aHQ-Kk-OdB" userLabel="First Responder" sceneMemberID="firstResponder"/>
            </objects>
            <point key="canvasLocation" x="310" y="159"/>
        </scene>
    </scenes>
</document>
