<?xml version="1.0" encoding="UTF-8"?>
<document type="com.apple.InterfaceBuilder3.CocoaTouch.Storyboard.XIB" version="3.0" toolsVersion="14269.14" targetRuntime="iOS.CocoaTouch" propertyAccessControl="none" useAutolayout="YES" useTraitCollections="YES" useSafeAreas="YES" colorMatched="YES" initialViewController="BYZ-38-t0r">
    <device id="retina4_7" orientation="portrait">
        <adaptation id="fullscreen"/>
    </device>
    <dependencies>
        <plugIn identifier="com.apple.InterfaceBuilder.IBCocoaTouchPlugin" version="14252.5"/>
        <capability name="Safe area layout guides" minToolsVersion="9.0"/>
        <capability name="documents saved in the Xcode 8 format" minToolsVersion="8.0"/>
    </dependencies>
    <scenes>
        <!--View Controller-->
        <scene sceneID="tne-QT-ifu">
            <objects>
                <viewController id="BYZ-38-t0r" customClass="ViewController" customModule="datapassing" customModuleProvider="target" sceneMemberID="viewController">
                    <view key="view" contentMode="scaleToFill" id="8bC-Xf-vdC">
                        <rect key="frame" x="0.0" y="0.0" width="375" height="667"/>
                        <autoresizingMask key="autoresizingMask" widthSizable="YES" heightSizable="YES"/>
                        <subviews>
                            <button opaque="NO" contentMode="scaleToFill" fixedFrame="YES" contentHorizontalAlignment="center" contentVerticalAlignment="center" buttonType="roundedRect" lineBreakMode="middleTruncation" translatesAutoresizingMaskIntoConstraints="NO" id="UOI-sa-JYt">
                                <rect key="frame" x="127" y="298" width="108" height="40"/>
                                <autoresizingMask key="autoresizingMask" flexibleMaxX="YES" flexibleMaxY="YES"/>
                                <color key="backgroundColor" red="1" green="0.68577405135228986" blue="0.73032210469667147" alpha="1" colorSpace="custom" customColorSpace="sRGB"/>
                                <state key="normal" title="pass"/>
                                <connections>
                                    <action selector="action:" destination="BYZ-38-t0r" eventType="touchUpInside" id="cxR-0t-grO"/>
                                </connections>
                            </button>
                            <textField opaque="NO" contentMode="scaleToFill" fixedFrame="YES" contentHorizontalAlignment="left" contentVerticalAlignment="center" borderStyle="roundedRect" textAlignment="natural" minimumFontSize="17" translatesAutoresizingMaskIntoConstraints="NO" id="vo2-oH-MxW">
                                <rect key="frame" x="101" y="172" width="159" height="30"/>
                                <autoresizingMask key="autoresizingMask" flexibleMaxX="YES" flexibleMaxY="YES"/>
                                <nil key="textColor"/>
                                <fontDescription key="fontDescription" type="system" pointSize="14"/>
                                <textInputTraits key="textInputTraits"/>
                            </textField>
                        </subviews>
                        <color key="backgroundColor" red="0.6338577480474854" green="1" blue="0.97571059808001526" alpha="1" colorSpace="custom" customColorSpace="sRGB"/>
                        <viewLayoutGuide key="safeArea" id="6Tk-OE-BBY"/>
                    </view>
                    <connections>
                        <outlet property="input" destination="vo2-oH-MxW" id="fSS-hS-HhD"/>
                        <segue destination="Mpu-kk-JsI" kind="show" identifier="second" id="tEf-Zc-GLF"/>
                    </connections>
                </viewController>
                <placeholder placeholderIdentifier="IBFirstResponder" id="dkx-z0-nzr" sceneMemberID="firstResponder"/>
            </objects>
            <point key="canvasLocation" x="-527.20000000000005" y="169.56521739130437"/>
        </scene>
        <!--Page2-->
        <scene sceneID="nGK-oo-mxL">
            <objects>
                <viewController id="Mpu-kk-JsI" customClass="page2" customModule="datapassing" customModuleProvider="target" sceneMemberID="viewController">
                    <view key="view" contentMode="scaleToFill" id="cbc-Eq-2CD">
                        <rect key="frame" x="0.0" y="0.0" width="375" height="667"/>
                        <autoresizingMask key="autoresizingMask" widthSizable="YES" heightSizable="YES"/>
                        <subviews>
                            <button opaque="NO" contentMode="scaleToFill" fixedFrame="YES" contentHorizontalAlignment="center" contentVerticalAlignment="center" buttonType="roundedRect" lineBreakMode="middleTruncation" translatesAutoresizingMaskIntoConstraints="NO" id="qou-qa-m7f">
                                <rect key="frame" x="128" y="407" width="99" height="39"/>
                                <autoresizingMask key="autoresizingMask" flexibleMaxX="YES" flexibleMaxY="YES"/>
                                <color key="backgroundColor" red="0.20523159499999999" green="1" blue="0.1565432017" alpha="1" colorSpace="custom" customColorSpace="sRGB"/>
                                <state key="normal" title="Back"/>
                                <connections>
                                    <segue destination="BYZ-38-t0r" kind="show" id="rN5-i6-QQX"/>
                                </connections>
                            </button>
                            <label opaque="NO" userInteractionEnabled="NO" contentMode="left" horizontalHuggingPriority="251" verticalHuggingPriority="251" fixedFrame="YES" text="" textAlignment="natural" lineBreakMode="tailTruncation" baselineAdjustment="alignBaselines" adjustsFontSizeToFit="NO" translatesAutoresizingMaskIntoConstraints="NO" id="9QY-MN-K2p">
                                <rect key="frame" x="98" y="215" width="163" height="36"/>
                                <autoresizingMask key="autoresizingMask" flexibleMaxX="YES" flexibleMaxY="YES"/>
                                <color key="backgroundColor" white="1" alpha="1" colorSpace="custom" customColorSpace="genericGamma22GrayColorSpace"/>
                                <fontDescription key="fontDescription" type="system" pointSize="17"/>
                                <nil key="textColor"/>
                                <nil key="highlightedColor"/>
                            </label>
                        </subviews>
                        <color key="backgroundColor" red="1" green="0.98568401686474161" blue="0.46819620722101707" alpha="1" colorSpace="custom" customColorSpace="sRGB"/>
                        <viewLayoutGuide key="safeArea" id="h06-I5-nPn"/>
                    </view>
                    <connections>
                        <outlet property="label" destination="9QY-MN-K2p" id="R5R-Vd-gq8"/>
                    </connections>
                </viewController>
                <placeholder placeholderIdentifier="IBFirstResponder" id="uBG-rZ-QPv" userLabel="First Responder" sceneMemberID="firstResponder"/>
            </objects>
            <point key="canvasLocation" x="125.59999999999999" y="169.56521739130437"/>
        </scene>
    </scenes>
</document>
