<?xml version="1.0" encoding="UTF-8"?>
<document type="com.apple.InterfaceBuilder3.CocoaTouch.Storyboard.XIB" version="3.0" toolsVersion="14269.14" targetRuntime="iOS.CocoaTouch" propertyAccessControl="none" useAutolayout="YES" useTraitCollections="YES" useSafeAreas="YES" colorMatched="YES" initialViewController="BYZ-38-t0r">
    <device id="retina4_7" orientation="portrait">
        <adaptation id="fullscreen"/>
    </device>
    <dependencies>
        <plugIn identifier="com.apple.InterfaceBuilder.IBCocoaTouchPlugin" version="14252.5"/>
        <capability name="Safe area layout guides" minToolsVersion="9.0"/>
        <capability name="documents saved in the Xcode 8 format" minToolsVersion="8.0"/>
    </dependencies>
    <scenes>
        <!--View Controller-->
        <scene sceneID="tne-QT-ifu">
            <objects>
                <viewController id="BYZ-38-t0r" customClass="ViewController" customModule="pickerView" customModuleProvider="target" sceneMemberID="viewController">
                    <view key="view" contentMode="scaleToFill" id="8bC-Xf-vdC">
                        <rect key="frame" x="0.0" y="0.0" width="375" height="667"/>
                        <autoresizingMask key="autoresizingMask" widthSizable="YES" heightSizable="YES"/>
                        <subviews>
                            <label opaque="NO" userInteractionEnabled="NO" contentMode="left" horizontalHuggingPriority="251" verticalHuggingPriority="251" fixedFrame="YES" text="Select Country Name" textAlignment="center" lineBreakMode="tailTruncation" baselineAdjustment="alignBaselines" adjustsFontSizeToFit="NO" translatesAutoresizingMaskIntoConstraints="NO" id="7eE-0W-VbA">
                                <rect key="frame" x="82" y="182" width="210" height="34"/>
                                <autoresizingMask key="autoresizingMask" flexibleMaxX="YES" flexibleMaxY="YES"/>
                                <color key="backgroundColor" white="0.33333333333333331" alpha="1" colorSpace="custom" customColorSpace="genericGamma22GrayColorSpace"/>
                                <fontDescription key="fontDescription" type="system" pointSize="17"/>
                                <color key="textColor" red="0.93725490199999995" green="0.93725490199999995" blue="0.95686274510000002" alpha="1" colorSpace="custom" customColorSpace="sRGB"/>
                                <nil key="highlightedColor"/>
                            </label>
                            <pickerView contentMode="scaleToFill" fixedFrame="YES" translatesAutoresizingMaskIntoConstraints="NO" id="Pbv-jx-k5b">
                                <rect key="frame" x="0.0" y="258" width="375" height="162"/>
                                <autoresizingMask key="autoresizingMask" widthSizable="YES" flexibleMaxY="YES"/>
                                <color key="backgroundColor" cocoaTouchSystemColor="scrollViewTexturedBackgroundColor"/>
                                <connections>
                                    <outlet property="dataSource" destination="BYZ-38-t0r" id="W7p-dn-Ebi"/>
                                    <outlet property="delegate" destination="BYZ-38-t0r" id="j7v-xf-Syy"/>
                                </connections>
                            </pickerView>
                        </subviews>
                        <color key="backgroundColor" red="0.65222234986072869" green="1" blue="0.9532895454116409" alpha="1" colorSpace="custom" customColorSpace="sRGB"/>
                        <viewLayoutGuide key="safeArea" id="6Tk-OE-BBY"/>
                    </view>
                    <connections>
                        <outlet property="output" destination="7eE-0W-VbA" id="cFE-fE-VgR"/>
                        <outlet property="pickerview" destination="Pbv-jx-k5b" id="b3f-wL-eWl"/>
                    </connections>
                </viewController>
                <placeholder placeholderIdentifier="IBFirstResponder" id="dkx-z0-nzr" sceneMemberID="firstResponder"/>
            </objects>
            <point key="canvasLocation" x="84" y="103"/>
        </scene>
    </scenes>
</document>
